{
	"lightColor":
	{
		"x": 1,
		"y": 1,
		"z": 1,
		"w": 1
	},
	"lightDirection":
	{
		"x": -0.77112555503845215,
		"y": -0.378671795129776,
		"z": -0.5118330717086792
	},
	"intensity": 2.75
}