{
	"lightColor":
	{
		"x": 1,
		"y": 1,
		"z": 1,
		"w": 1
	},
	"lightDirection":
	{
		"x": -0.57679665088653564,
		"y": 0.57762056589126587,
		"z": -0.57763320207595825
	},
	"intensity": 2.75
}